﻿{"cameraMode":{"drawMode":0,"name":"Shaded","section":"Shading Mode"},"sceneLighting":true,"audioPlay":false,"sceneViewState":{"m_AlwaysRefresh":false,"showFog":true,"showSkybox":true,"showFlares":true,"showImageEffects":true,"showParticleSystems":true,"showVisualEffectGraphs":true,"m_FxEnabled":true},"in2DMode":false,"pivot":{"x":318.8736267089844,"y":292.31561279296877,"z":-75.61880493164063},"rotation":{"x":-0.16569499671459199,"y":0.14498353004455567,"z":-0.02463529445230961,"w":-0.9751514196395874},"size":245.88223266601563,"orthographic":false}